{
  "project_info": {
    "project_number": "407158369129",
    "firebase_url": "https://quiz-127d3-default-rtdb.firebaseio.com",
    "project_id": "quiz-127d3",
    "storage_bucket": "quiz-127d3.appspot.com"
  },
  "client": [
    {
      "client_info": {
        "mobilesdk_app_id": "1:407158369129:android:9edd22ebb513b2f1ffebf8",
        "android_client_info": {
          "package_name": "com.gaara.quiz"
        }
      },
      "oauth_client": [
        {
          "client_id": "407158369129-2459adtstsahr7sss4iqtkfiss1utehl.apps.googleusercontent.com",
          "client_type": 1,
          "android_info": {
            "package_name": "com.gaara.quiz",
            "certificate_hash": "4df17b8494c300206ecdf0a78465543f6ca0cedd"
          }
        },
        {
          "client_id": "407158369129-rmas6dv94mmssto4rn5fmv4cbt32s43u.apps.googleusercontent.com",
          "client_type": 3
        }
      ],
      "api_key": [
        {
          "current_key": "AIzaSyBYPJ87XLsFEYIxzEwhL_4ChYDnDoYUkcQ"
        }
      ],
      "services": {
        "appinvite_service": {
          "other_platform_oauth_client": [
            {
              "client_id": "407158369129-rmas6dv94mmssto4rn5fmv4cbt32s43u.apps.googleusercontent.com",
              "client_type": 3
            }
          ]
        }
      }
    }
  ],
  "configuration_version": "1"
}